species,site,Am,AQY,Ic,Ik,Rd,timepoint
Acropora,site1,0.7990368611086411,0.002201639677403671,106.19198506088698,367.92727225445384,0.22023653643125907,timepoint4
Acropora,site2,1.0277887854431118,0.003004501574776875,158.02377697895076,392.89720818606474,0.41566541261235795,timepoint4
Acropora,site3,0.6503476861577838,0.0018625477334559117,104.18061819587189,360.7056220032492,0.18665720066405125,timepoint4
Pocillopora,site1,0.844189897512957,0.0030232548448399384,147.42437668956828,287.4917921719367,0.38589198319450146,timepoint4
Pocillopora,site2,0.7772256180213952,0.0022748347518033256,205.00046107129586,361.1937624123155,0.3830749470616576,timepoint4
Pocillopora,site3,0.7715705394619554,0.0024317896054484194,173.223170940165,326.2833650396061,0.3565909106856812,timepoint4
Porites,site1,2.2103812814658808,0.005328467830034661,137.5375179531004,414.31607891221375,0.6712436963886917,timepoint4
Porites,site2,1.8445610046899035,0.006046107817828256,108.72634536631215,333.57681887832297,0.5945565177565604,timepoint4
Porites,site3,1.759569231286323,0.005477939514738704,135.29690498117188,344.70834394495085,0.660474857494345,timepoint4
