species,site,Am,AQY,Rd,timepoint
Acropora,site1,0.7990368613108545,0.002201639682514529,0.22023653685294797,timepoint4
Acropora,site2,1.0277887857541759,0.00300450158572618,0.41566541346541386,timepoint4
Acropora,site3,0.6503476862624981,0.00186254773658145,0.18665720099279254,timepoint4
Pocillopora,site1,0.8441898972287297,0.0030232548416701346,0.3858919830543344,timepoint4
Pocillopora,site2,0.7772256181275631,0.002274834751380817,0.3830749470344883,timepoint4
Pocillopora,site3,0.7715705395827326,0.00243178960636389,0.3565909107392315,timepoint4
Porites,site1,2.210381281177987,0.005328467825210032,0.6712436958765134,timepoint4
Porites,site2,1.844561004668723,0.006046107816702044,0.5945565176511202,timepoint4
Porites,site3,1.7595692315676306,0.005477939509680548,0.6604748572360981,timepoint4
