species,site,Am,AQY,Ic,Ik,Rd,timepoint
Acropora,site1,1.095421404933986,0.0022309740451023847,214.87678271323134,505.3703165752087,0.41555769724251385,timepoint2
Acropora,site2,1.078341240569793,0.002158219234209267,453.63643124015124,521.4995067781774,0.4644791585217662,timepoint2
Acropora,site3,1.0679085338714962,0.002165667645503941,162.43764400124508,522.2647846324029,0.3214627862555247,timepoint2
Pocillopora,site1,0.9552866162386476,0.0022034421643736413,215.23063964368387,471.30169311010803,0.4014728696389574,timepoint2
Pocillopora,site2,0.8769184873666305,0.0020003900933560107,320.4691531964273,528.582626553875,0.3922486568536123,timepoint2
Pocillopora,site3,0.974544446216403,0.0020866635599012693,236.87010954869143,510.29626390023776,0.38752204995920697,timepoint2
Porites,site1,2.6102236914512567,0.006602742594494885,153.62181277865585,422.4679967139956,0.888257747578305,timepoint2
Porites,site2,2.422135262517564,0.005267878528308278,211.82607597405277,537.652526296818,0.8191863057025557,timepoint2
Porites,site3,2.1330793321175765,0.006352306305999702,142.08059632015673,353.7388158081023,0.772075937050191,timepoint2
