species,site,Am,AQY,Rd,timepoint
Acropora,site1,1.0954214057888458,0.0022309740374652446,0.41555769669005205,timepoint2
Acropora,site2,1.0783412403649597,0.00215821923188837,0.46447915843368315,timepoint2
Acropora,site3,1.067908533610537,0.0021656676412346878,0.3214627858756374,timepoint2
Pocillopora,site1,0.9552866163665552,0.0022034421574369835,0.40147286912370383,timepoint2
Pocillopora,site2,0.8769184858377129,0.0020003900926237883,0.39224865677223675,timepoint2
Pocillopora,site3,0.9745444456031994,0.0020866635579162122,0.3875220497870817,timepoint2
Porites,site1,2.6102236910054644,0.006602742581908773,0.8882577467182762,timepoint2
Porites,site2,2.422135261967356,0.005267878535573042,0.8191863065624128,timepoint2
Porites,site3,2.1330793324575694,0.006352306304914589,0.7720759370014222,timepoint2
