species,site,Am,AQY,Rd,theta,Ic,sigma,timepoint
Acropora,site1,1.9200887814576777,0.004081441371410834,0.4783086756919556,-0.5576281338923126,138.05836754835713,0.044764869334376414,timepoint2
Acropora,site2,2.1341372753191923,0.003823871447625301,0.5858265895571488,-0.5256431317506617,163.83948543250654,0.045919020631743614,timepoint2
Acropora,site3,1.1416402060188335,0.002041952926139544,0.2097626512251484,-0.3823399137533366,105.00465148074427,0.027155596857090354,timepoint2
Pocillopora,site1,0.887910002079377,0.0021780658887780705,0.2717116835828097,-0.45872781073023744,136.25960616672896,0.028200248054141314,timepoint2
Pocillopora,site2,0.8414196146778097,0.4297537040697836,0.30099199679091426,-0.3970823214664392,162.50405278589227,0.23282305708643009,timepoint2
Pocillopora,site3,0.9569197092754943,0.0018248602402526277,0.24862152255527886,-0.47583071612625283,151.36032853132699,0.020805262608991196,timepoint2
Porites,site1,4.540267744158249,0.010751289908325084,1.2513726392959008,0.30545495741588335,119.08824005905929,0.0897001500006502,timepoint2
Porites,site2,6.321832110806713,0.014411924014753458,1.5085646229406136,-0.11498010613317199,157.14905301216865,0.09934419309096594,timepoint2
Porites,site3,3.3786928516699404,0.01034973839232429,1.0059977659051722,0.21665634960762994,103.48378238184486,0.07368203755368204,timepoint2
