species,site,Am,AQY,Ic,Ik,Rd,timepoint
Acropora,site1,0.67425161006154,0.0019071333619655466,218.93970606947673,356.327170339691,0.3512349400543765,timepoint3
Acropora,site2,0.7519160551095972,0.0026238592461272675,224.21213638470294,396.52334151548513,0.36681203477735247,timepoint3
Acropora,site3,0.6658182089370306,0.003243551015302585,126.84143644843232,206.682082374255,0.34470465821162477,timepoint3
Pocillopora,site1,0.7391443863817135,0.0035445409964048632,NA,219.47974172649742,0.5767813191298261,timepoint3
Pocillopora,site2,0.8011751101215013,0.003609190950908961,155.68149450022042,254.3552956697375,0.3879258172143368,timepoint3
Pocillopora,site3,0.8120961006698201,0.0027990213516375425,146.43634707939654,300.6142530333515,0.3418949099106022,timepoint3
Porites,site1,2.2618120680228992,0.006817010467160273,148.52319979751962,354.4472040537261,0.8703684284294079,timepoint3
Porites,site2,1.6346295269970474,0.00854826162108778,112.17492913292985,245.65682592512235,0.6491912195644302,timepoint3
Porites,site3,1.7531746739061747,0.008854161347507078,92.81980680553566,205.3555917858108,0.7281195390207631,timepoint3
