species,site,Am,AQY,Rd,timepoint
Acropora,site1,0.6742516102664288,0.0019071333636237356,0.35123494020725304,timepoint3
Acropora,site2,0.751916054801545,0.0026238592533402243,0.3668120352595971,timepoint3
Acropora,site3,0.6658182093514536,0.0032435510183618397,0.344704658529924,timepoint3
Pocillopora,site1,0.7391443865467606,0.0035445410023794916,0.5767813194141093,timepoint3
Pocillopora,site2,0.801175110320169,0.003609190953291634,0.3879258174688402,timepoint3
Pocillopora,site3,0.8120961004451529,0.0027990213458588395,0.3418949095474307,timepoint3
Porites,site1,2.2618120691937413,0.00681701047943851,0.8703684290146453,timepoint3
Porites,site2,1.634629526670099,0.008548261594993943,0.6491912190210799,timepoint3
Porites,site3,1.7531746743188266,0.00885416135916666,0.7281195394817965,timepoint3
