site,FullTemp_min,FullTemp_max,FullTemp_mean,FullTemp_stdev,pH_min,pH_max,pH_mean,pH_stdev,light_min,light_max,light_mean,light_stdev,FullTemp_range,na.rm,pH_range
site1,25.38,30.7477777777778,28.278644712641785,0.9039769677321562,8,8.51,8.278268803634527,0.06888996982276178,-7.09730853448932,4611.21785145224,853.5515104206696,1235.6239927626366,5.3677777777778,TRUE,0.5099999999999998
site2,24.4838888888889,31.3311111111111,28.326167947387795,0.9501274057513989,8.09,8.83,8.256258037802027,0.06474472743620432,71.1474470378967,4535.52720902529,723.8179930488643,1022.9508306677167,6.8472222222222,TRUE,0.7400000000000002
site3,24.508,30.95,28.26012073526923,0.8462748813042126,7.88,8.77,8.316632435291755,0.09645085160939193,10.8555697574409,4287.4143086309,717.468469938512,1063.4232697168611,6.442,TRUE,0.8899999999999997
