site,FullTemp_min,FullTemp_max,FullTemp_mean,FullTemp_stdev,pH_min,pH_max,pH_mean,pH_stdev,light_min,light_max,light_mean,light_stdev,FullTemp_range,na.rm,pH_range
site1,25.38,30.7477777777778,28.278644712641785,0.9039769677321758,8,8.51,8.278268803634528,0.06888996982276581,-7.09730853448932,4611.21785145224,853.5515104206679,1235.6239927627016,5.3677777777778,TRUE,0.5099999999999998
site2,24.4838888888889,31.3311111111111,28.326167947387795,0.9501274057513533,8.09,8.83,8.256258037802027,0.06474472743620582,71.1474470378967,4535.52720902529,723.8179930488529,1022.9508306678439,6.8472222222222,TRUE,0.7400000000000002
site3,24.508,30.95,28.260120735269233,0.8462748813041902,7.88,8.77,8.316632435291757,0.09645085160939108,10.8555697574409,4287.4143086309,717.4684699384957,1063.4232697167822,6.442,TRUE,0.8899999999999997
