site,Temp_min,Temp_max,Temp_mean,Temp_stdev,pH_min,pH_max,pH_mean,pH_stdev,light_min,light_max,light_mean,light_stdev,Hobo_min,Hobo_max,Hobo_mean,Hobo_stdev
site1,26.9,30.4055555555556,28.256751528408778,0.6337169259136767,8,8.51,8.278268803634528,0.06888996982276581,-7.09730853448932,4611.21785145224,853.5515104206679,1235.6239927627016,25.38,30.7477777777778,28.375274866605036,1.0547883490078411
site2,25.6111111111111,31.1166666666667,28.31027837352903,0.8873231664726384,7.26,8.83,8.268467858251329,0.08901632877914394,71.1474470378967,4535.52720902529,723.8179930488529,1022.9508306678439,24.4838888888889,31.3311111111111,28.343924082754732,1.0154391115709436
site3,25.8055555555556,31.5222222222222,28.346097559694527,0.8283732899330861,7.88,8.77,8.316632435291757,0.09645085160939108,10.8555697574409,4287.4143086309,717.4684699384957,1063.4232697167822,24.508,30.95,28.36377435044049,0.9200683802318923
