mean_solar_rad_kwpm2_mean,mean_solar_rad_kwpm2_sd,cumulative_rainfall_mm_mean,cumulative_rainfall_mm_sd,mean_Temp_mean,mean_Temp_sd,timepoint
-0.139571524,-0.235464689,0.665375969,1.241253682,-0.216512136,0.604299024,timepoint1
0.360153092,-0.616252024,-0.516747557,-0.615480809,1.430690444,-0.846245382,timepoint2
1.078507227,-0.623445971,-1.141835068,-0.977971704,-0.897892237,1.092935736,timepoint3
-1.299088796,1.475162684,0.993206655,0.352198831,-0.316286071,-0.850989378,timepoint4