mean_solar_rad_kwpm2_mean,mean_solar_rad_kwpm2_sd,cumulative_rainfall_mm_mean,cumulative_rainfall_mm_sd,mean_Temp_mean,mean_Temp_sd,timepoint
-0.13957152355326982,-0.23546468928748765,0.6653759693449717,1.2412536820377447,-0.21651213648269554,0.6042990237869953,timepoint1
0.3601530922458518,-0.6162520237053195,-0.5167475567157751,-0.6154808093781895,1.430690444252933,-0.8462453816324397,timepoint2
1.0785072274570884,-0.6234459710897856,-1.1418350678264886,-0.9779717038092995,-0.8978922366998823,1.0929357357834568,timepont3
-1.2990887961496687,1.4751626840825929,0.9932066551972928,0.35219883114974454,-0.31628607107036283,-0.8509893779380123,timepoint4
