SampleID,TA,Mass,Salinity
JUNK 1,2685.995762,59.669,35
Initial1_20201103_3,2357.939014,59.627,38.53
POC-238_20201102_2,2257.759227,60.284,38.64
POR-260_20201102_2,2274.712455,60.457,38.72
POR-214_20201102_1,2200.744098,59.989,38.69
ACR-210_20201102_2,2286.122981,60.5,38.62
POC-219_20201102_2,2271.370311,60.178,38.71
POR-216_20201102_1,2277.598536,59.841,38.71
ACR-213_20201102_2,2296.616658,59.943,38.79