species,site,Am,AQY,Rd,timepoint
Acropora,site1,1.0576663056331221,0.0026136558068067675,0.453774760807003,timepoint1
Acropora,site2,1.2785687109256163,0.0031674211245215278,0.5933608502643799,timepoint1
Acropora,site3,0.8197197597444115,0.002322883888371336,0.3958801410681691,timepoint1
Pocillopora,site1,1.0556139475554018,0.0032550337870330313,0.4059397270300942,timepoint1
Pocillopora,site2,0.8689044804358448,0.0026357568514202524,0.38897500622972037,timepoint1
Pocillopora,site3,0.8583545415354796,0.0026821679864572115,0.3823814202122479,timepoint1
Porites,site1,2.116567624616278,0.007155088309688821,0.9414623323784548,timepoint1
Porites,site2,2.0448493143084994,0.006538547654727749,0.8587332649914855,timepoint1
Porites,site3,1.9304044395707127,0.00794231118547874,0.9212507612286877,timepoint1
