species,site,Am,AQY,Rd,theta,Ic,sigma
Acropora,site1,1.8305546786479812,0.004279281240780077,0.48659499168611237,-0.41541535549392067,136.4506223079101,0.057256268058544446
Acropora,site2,2.543904446790197,0.005085189224381359,0.6380860954117225,-0.6877562033620915,151.1120525632293,0.03902072441081684
Acropora,site3,1.138766724184956,0.0033879835002737133,0.39372728086299136,-0.3637356217987146,126.14177520518632,0.028742049457397858
Pocillopora,site1,1.332121121584247,0.0043756062783429535,0.3914472980890803,-0.06298583374848346,96.46603347426536,0.034398509402006776
Pocillopora,site2,1.2042303711982218,0.0034005853155654846,0.36674666894258595,-0.16493476532919776,133.96444670350525,0.02138632155798407
Pocillopora,site3,1.0279747661503116,0.003575756915040293,0.35426171693322417,-0.11315401642449466,113.79116688774806,0.02159580821229855
Porites,site1,2.684690791340888,0.009458466216325043,1.0515677660133342,0.4512580490166523,113.28358889069587,0.12210135710380639
Porites,site2,3.28957945708413,0.009839059727843347,1.0681246331308634,0.10737544554421974,115.14716910526082,0.0893795764563935
Porites,site3,2.2742108210138006,0.009557380595195822,0.9875427885372395,0.5864702048228653,108.22058535357478,0.060185832631745
