species,site,Am,AQY,Ic,Ik,Rd,timepoint
Acropora,site1,1.0576663053869466,0.002613655799595821,207.71352297945054,422.18541661937525,0.45377476028098845,timepoint1
Acropora,site2,1.2785687102462095,0.0031674211242910793,236.01878165005476,445.97810595368753,0.5933608504411718,timepoint1
Acropora,site3,0.8197197597882081,0.00232288388958097,207.65840751638925,368.9454447361751,0.3958801411378403,timepoint1
Pocillopora,site1,1.0556139478288882,0.003255033779945134,142.2597207728249,341.91541422894454,0.40593972655398775,timepoint1
Pocillopora,site2,0.8689044803596477,0.0026357568492735585,197.15841449499806,380.3489114614433,0.38897500604528557,timepoint1
Pocillopora,site3,0.8583545418914805,0.0026821679900007754,180.6914743310369,349.38255642122067,0.38238142044638757,timepoint1
Porites,site1,2.116567625595774,0.0071550883198839114,152.2270789076002,305.2748465520293,0.9414623333150833,timepoint1
Porites,site2,2.04484931412821,0.006538547654868515,162.72061981646453,344.2097886698158,0.8587332650176187,timepoint1
Porites,site3,1.9304044397575986,0.007942311192018485,138.76455999070433,253.60381774502727,0.9212507613381199,timepoint1
