SampleID,TA,Mass,Salinity
JUNK 1,2083.14922,59.95,35
Initial1_20200105_3,2273.214214,37.256,35.6
POR-261_20200106_5,2338.401988,59.738,37.61
BK-5_20200106_5,2356.920382,60.523,37.46
BK-2_20200104_2,2359.633639,60.817,37.51
ACR-389_20200106_6,2332.098326,59.824,38.77
POC-248_20200104_2,2125.468034,29.433,35.4
Initial2_20200106_5,2195.53421,27.034,36.49
Initial2_20200111_14,2341.657886,49.902,37.15