SampleID,TA,Mass,Salinity
JUNK 1,2118.57179,45.928,35
POC-45_20200111_15,2331.343095,49.453,37.63
POR-74_20200111_14,2226.30763,49.906,37.42
BK-14_20200111_14,2341.398101,51.681,36.79
Initial1_20200111_14,2337.796004,50.312,37.71
ACR-185_20200111_14,2287.787892,51.132,36.84
POC-50_20200111_15,2325.356043,50.158,36.24
POC-68_20200111_15,2323.625063,49.396,36.2
POR-83_20200111_15,2242.810693,50.659,37.42