SampleID,TA,Mass,Salinity
JUNK 1,2484.849025,59.981,35
ACR-267_20200104_2,2315.306162,59.511,41.47
ACR-228_20200104_2,2345.611686,60.255,41.27
POC-219_20200104_1,2321.506144,60.75,41.38
POR-214_20200104_1,2340.839166,59.614,40.93
ACR-256_20200104_2,2308.171287,59.637,41.42
POC-239_20200104_1,2332.691292,60.495,40.93
POR-242_20200104_1,2305.381594,59.97,40.31
POR-262_20200104_1,2204.224221,60.699,40.48