SampleID,TA,Mass,Salinity
JUNK 1,2106.206728,60.064,35
Initial1_20200106_5,2289.58405,59.751,37.55
BK-7_20200107_7,2356.633649,59.634,37.54
POC-369_20200107_7,2322.275354,60.072,37.56
POC-377_20200106_6,2280.257358,59.803,37.65
ACR-265_20200105_4,2328.933552,60.273,37.7
ACR-345_20200107_7,2329.659712,60.455,37.89
POR-224_20200105_4,2320.6102,60.135,37.93
POR-362_20200106_6,2274.036355,60.256,37.94