SampleID,TA,Mass,Salinity
JUNK 1,2111.581045,60.763,35
POR-253_20200105_4,2200.019883,60.611,37.16
POR-251_20200106_5,2245.506424,60.02,37.14
POR-266_20200105_3,2241.962634,60.063,37.21
POC-207_20200105_4,2330.155288,59.83,37.17
POR-245_20200105_3,2297.855239,59.366,37.18
ACR-258_20200105_3,2329.424484,60.03,37.33
NA,2323.334245,60.164,37.24
POC-259_20200105_3,2274.748854,60.668,37.14