SampleID,TA,Mass,Salinity
JUNK 1,2646.219949,59.184,35
NA,2333.776414,47.405,37.66
NA,2244.988893,50.501,37.95
NA,2328.341153,50.149,38.06
NA,2326.720684,48.348,38.74
NA,2314.874294,50.193,37.99
Initial2_20200111_15,2347.330225,51.522,37.89
NA,2325.830543,49.661,38.07
NA,2263.247284,48.634,38.21