SampleID,TA,Mass,Salinity
POR-387_20200108_9,2305.253205,51.915,37.46
ACR-145_20200111_14,2328.402144,48.758,37.49
ACR-165_20200111_14,2292.710047,51.182,37.55
POC-55_20200111_14,2324.540473,48.309,37.62
POC-53_20200111_14,2331.141662,50.319,37.6
POR-73_20200111_14,2347.306811,49.319,37.22
POR-82_20200111_14,2290.741874,52.039,37.24
POC-57_20200111_14,2397.208815,43.858,38.71
POC-372_20200108_9,2318.105858,51.839,37.24